RowId__c,FirstName,LastName,Email,Account.RowId__c
1,Jamie,Baddiley,jbaddiley0@bbb.org,45
2,Ashton,Poynter,apoynter1@umich.edu,89
3,Elle,Franchyonok,efranchyonok2@state.tx.us,18
4,Dev,Keilty,dkeilty3@apple.com,40
5,Albina,Frowde,afrowde4@posterous.com,99
6,Gabbie,Folkerd,gfolkerd5@samsung.com,70
7,Davina,Waleworke,dwaleworke6@gov.uk,32
8,Charlotta,Sargeaunt,csargeaunt7@people.com.cn,87
9,Steward,Anselm,sanselm8@weebly.com,13
10,Fredi,Peterffy,fpeterffy9@elegantthemes.com,57
11,Kalil,Triplett,ktripletta@umich.edu,31
12,Alasteir,Cuerdale,acuerdaleb@last.fm,53
13,Erick,Turri,eturric@ustream.tv,38
14,Purcell,D'Antoni,pdantonid@digg.com,86
15,Maxine,Fearnsides,mfearnsidese@statcounter.com,47
16,Lonnard,Toms,ltomsf@theglobeandmail.com,61
17,Pooh,Bartolini,pbartolinig@hao123.com,7
18,Meyer,Elen,melenh@last.fm,28
19,Delano,Philpotts,dphilpottsi@cpanel.net,39
20,Dare,Mulryan,dmulryanj@npr.org,56
21,Fidelia,Tiesman,ftiesmank@nba.com,26
22,Morganne,Pulfer,mpulferl@netscape.com,73
23,Hamilton,Manjin,hmanjinm@fotki.com,43
24,Molly,Ewbanke,mewbanken@icio.us,90
25,Lianna,Dossetter,ldossettero@reverbnation.com,65
26,Arley,Springall,aspringallp@unblog.fr,21
27,Dacey,Jaye,djayeq@sina.com.cn,49
28,Tana,Strognell,tstrognellr@goo.gl,51
29,Gerry,Jeans,gjeanss@blogtalkradio.com,78
30,Yvonne,Limerick,ylimerickt@smh.com.au,82
31,Allin,Janko,ajankou@mtv.com,75
32,Toma,Fynan,tfynanv@ft.com,2
33,Fredra,Richard,frichardw@indiatimes.com,14
34,Basilio,Dunster,bdunsterx@google.ru,80
35,Wat,Tregona,wtregonay@cnbc.com,64
36,Grayce,Ogelsby,gogelsbyz@google.nl,3
37,Sada,Rosetti,srosetti10@blog.com,93
38,Alvera,Pankhurst.,apankhurst11@army.mil,17
39,Onfroi,Gilfoy,ogilfoy12@seesaa.net,30
40,Poul,Garland,pgarland13@ibm.com,60
41,Nickolas,McWhan,nmcwhan14@nymag.com,15
42,Quinta,Battista,qbattista15@msu.edu,41
43,Breena,Cranny,bcranny16@merriam-webster.com,34
44,Rozanne,Coulman,rcoulman17@google.it,20
45,Orton,Truckell,otruckell18@pcworld.com,35
46,Freddy,Harrad,fharrad19@europa.eu,27
47,Shanna,McGregor,smcgregor1a@europa.eu,5
48,Di,Allchorn,dallchorn1b@nih.gov,96
49,Finlay,Order,forder1c@ehow.com,69
50,Marjie,Bayldon,mbayldon1d@cbc.ca,97
51,Jordan,Lisciandri,jlisciandri1e@nifty.com,47
52,Corbie,Antrim,cantrim1f@unesco.org,90
53,Rudolf,Rechert,rrechert1g@ovh.net,54
54,Cora,Adlam,cadlam1h@statcounter.com,6
55,Weidar,Simenet,wsimenet1i@pinterest.com,11
56,Garvey,Assur,gassur1j@google.com.hk,94
57,Dahlia,Busby,dbusby1k@yandex.ru,32
58,Arabella,Pickrell,apickrell1l@photobucket.com,46
59,Kimberly,Darkin,kdarkin1m@tinypic.com,57
60,Leena,Hugli,lhugli1n@foxnews.com,89
61,Stefan,Brogiotti,sbrogiotti1o@webs.com,70
62,Larisa,Bodicam,lbodicam1p@istockphoto.com,68
63,Lucinda,Ragles,lragles1q@hc360.com,39
64,Broddy,Gatch,bgatch1r@cocolog-nifty.com,21
65,Sherlocke,McRill,smcrill1s@studiopress.com,7
66,Winthrop,Dowgill,wdowgill1t@columbia.edu,87
67,Cullen,Ramsbottom,cramsbottom1u@oakley.com,49
68,Aguistin,Ockleshaw,aockleshaw1v@sakura.ne.jp,15
69,Lizabeth,Fulham,lfulham1w@forbes.com,1
70,Ettie,Westall,ewestall1x@japanpost.jp,85
71,Tabby,Janning,tjanning1y@springer.com,36
72,Thomasine,Gorstidge,tgorstidge1z@about.com,99
73,Tamiko,Traill,ttraill20@taobao.com,66
74,Lanni,Roizin,lroizin21@usa.gov,24
75,Lindsey,Noe,lnoe22@mashable.com,13
76,Osborne,Bills,obills23@goodreads.com,71
77,Halsy,Choulerton,hchoulerton24@google.ca,12
78,Willabella,Truckett,wtruckett25@disqus.com,25
79,Vince,Beckworth,vbeckworth26@theguardian.com,97
80,Mano,Di Giacomettino,mdigiacomettino27@google.ca,42
81,Koenraad,Guppey,kguppey28@barnesandnoble.com,76
82,Carie,Kochs,ckochs29@bizjournals.com,10
83,Astra,Shoppee,ashoppee2a@dyndns.org,33
84,Ethelind,Jakov,ejakov2b@so-net.ne.jp,60
85,Bond,Dillamore,bdillamore2c@netscape.com,92
86,Delly,Rankling,drankling2d@pen.io,9
87,Paton,Brettelle,pbrettelle2e@cisco.com,63
88,Salvidor,Wrotchford,swrotchford2f@reference.com,27
89,Issi,De Antoni,ideantoni2g@hugedomains.com,78
90,Betteanne,Emsley,bemsley2h@mashable.com,56
91,Michal,Lavender,mlavender2i@alexa.com,74
92,Fayette,Lacroutz,flacroutz2j@oaic.gov.au,72
93,Lotte,Dowtry,ldowtry2k@moonfruit.com,82
94,Martita,Hazeldean,mhazeldean2l@opensource.org,30
95,Albrecht,Elcott,aelcott2m@weibo.com,61
96,Chrysa,Fewings,cfewings2n@aboutads.info,4
97,Torie,Feldstein,tfeldstein2o@csmonitor.com,64
98,Jacenta,Forlong,jforlong2p@w3.org,16
99,Emery,Guppey,eguppey2q@delicious.com,41
100,Ekaterina,Buttler,ebuttler2r@123-reg.co.uk,31
101,Bobbie,Titlow,btitlow2s@go.com,19
102,Sarine,Daldry,sdaldry2t@toplist.cz,30
103,Marti,Bradwell,mbradwell2u@salon.com,50
104,Jacques,Wigginton,jwigginton2v@instagram.com,44
105,Sandy,Swanborrow,sswanborrow2w@google.co.uk,82
106,Hendrika,Freyn,hfreyn2x@ustream.tv,75
107,Lyman,Macartney,lmacartney2y@biblegateway.com,97
108,Fancy,Cheng,fcheng2z@redcross.org,37
109,Grant,Maren,gmaren30@yolasite.com,81
110,Orv,Arthars,oarthars31@theguardian.com,35
111,Violette,Rawstorn,vrawstorn32@pcworld.com,24
112,Evangelin,Cratchley,ecratchley33@flickr.com,38
113,Barbaraanne,De Vuyst,bdevuyst34@ustream.tv,90
114,Anne-corinne,Aysh,aaysh35@elpais.com,22
115,Nickolas,Lankester,nlankester36@last.fm,58
116,Twila,Bowsher,tbowsher37@dailymail.co.uk,65
117,Alla,Novacek,anovacek38@amazon.com,67
118,Elora,Measham,emeasham39@dedecms.com,57
119,Ansel,Davet,adavet3a@indiatimes.com,20
120,Dene,Coarser,dcoarser3b@wufoo.com,8
121,Benedicta,Pole,bpole3c@live.com,53
122,Brunhilda,Birtle,bbirtle3d@cisco.com,17
123,Monah,Pond,mpond3e@sitemeter.com,79
124,Carmelle,Heinert,cheinert3f@plala.or.jp,92
125,Norean,Newbegin,nnewbegin3g@mapy.cz,12
126,Suki,Tavinor,stavinor3h@paginegialle.it,71
127,Emile,Jellman,ejellman3i@nature.com,94
128,Latisha,Gravener,lgravener3j@techcrunch.com,26
129,Padraig,Lezemore,plezemore3k@goo.ne.jp,51
130,Sanderson,Ventom,sventom3l@bbc.co.uk,45
131,Emmye,Jorge,ejorge3m@hatena.ne.jp,34
132,Sissie,Spinella,sspinella3n@skype.com,43
133,Hammad,McKellen,hmckellen3o@51.la,3
134,Darbie,Otridge,dotridge3p@facebook.com,14
135,Eb,Bastiman,ebastiman3q@issuu.com,4
136,Benito,Plumptre,bplumptre3r@homestead.com,80
137,Althea,Dimock,adimock3s@creativecommons.org,49
138,Arlina,Evelyn,aevelyn3t@smugmug.com,89
139,Karisa,Jimmes,kjimmes3u@yelp.com,27
140,Humphrey,Robke,hrobke3v@com.com,93
141,Chancey,Atheis,catheis3w@sciencedirect.com,11
142,Jere,Pinchen,jpinchen3x@oaic.gov.au,36
143,Arlie,Vlasyuk,avlasyuk3y@gmpg.org,6
144,Talya,Baptie,tbaptie3z@microsoft.com,59
145,Elnora,Joslyn,ejoslyn40@123-reg.co.uk,73
146,Eugenie,Hollyard,ehollyard41@tumblr.com,54
147,Charlot,Leveret,cleveret42@telegraph.co.uk,16
148,Shina,Freear,sfreear43@pagesperso-orange.fr,33
149,Christyna,Pashe,cpashe44@cloudflare.com,87
150,Geraldine,Hickisson,ghickisson45@pbs.org,60
151,Erik,Haws,ehaws46@nydailynews.com,8
152,Zaria,Eidler,zeidler47@elegantthemes.com,79
153,Venita,Josovitz,vjosovitz48@joomla.org,27
154,Lira,Noke,lnoke49@t.co,68
155,Reggie,Solloway,rsolloway4a@cbc.ca,82
156,Tobias,Baines,tbaines4b@techcrunch.com,1
157,Laverne,Ruckman,lruckman4c@squarespace.com,39
158,Rollin,McLennan,rmclennan4d@chicagotribune.com,48
159,Tandi,Isles,tisles4e@ovh.net,63
160,Robbyn,McAvey,rmcavey4f@51.la,36
161,Andrej,Krystek,akrystek4g@indiegogo.com,4
162,Roanne,Hovee,rhovee4h@addthis.com,50
163,Nannette,Ballantine,nballantine4i@nydailynews.com,99
164,Piper,Fairleigh,pfairleigh4j@moonfruit.com,9
165,Dita,Pumfrey,dpumfrey4k@samsung.com,2
166,Ware,Narracott,wnarracott4l@mozilla.com,80
167,Lyn,Greenhaugh,lgreenhaugh4m@hostgator.com,44
168,Siusan,Jepperson,sjepperson4n@nsw.gov.au,28
169,Jobyna,Flagg,jflagg4o@ucsd.edu,64
170,Ninnetta,Remmer,nremmer4p@netvibes.com,65
171,Anna-diane,O Mullen,aomullen4q@tiny.cc,7
172,Angelico,McGinney,amcginney4r@sfgate.com,5
173,Laney,Satterly,lsatterly4s@quantcast.com,67
174,Fransisco,Simmon,fsimmon4t@cnbc.com,33
175,Lilian,Newgrosh,lnewgrosh4u@wired.com,35
176,Irvin,Dunstall,idunstall4v@so-net.ne.jp,77
177,Graeme,Burehill,gburehill4w@shinystat.com,62
178,Zachariah,Gomery,zgomery4x@apache.org,74
179,Alexi,Marchington,amarchington4y@engadget.com,83
180,Tabina,Elwin,telwin4z@hostgator.com,53
181,Maurie,Mainwaring,mmainwaring50@reuters.com,31
182,Elwira,Philipard,ephilipard51@weebly.com,55
183,Tawnya,Formie,tformie52@cyberchimps.com,38
184,Drugi,Andreas,dandreas53@upenn.edu,85
185,Paolina,Brychan,pbrychan54@spotify.com,92
186,Meade,Houlahan,mhoulahan55@google.co.uk,30
187,Carmelia,Bows,cbows56@ocn.ne.jp,26
188,Alfonse,McGurk,amcgurk57@sitemeter.com,37
189,Alyda,Purkess,apurkess58@amazon.de,69
190,Brina,Tumbridge,btumbridge59@cbslocal.com,45
191,Dion,Fowlie,dfowlie5a@boston.com,87
192,Tymothy,Jasiak,tjasiak5b@goodreads.com,91
193,Waylan,Woofinden,wwoofinden5c@purevolume.com,73
194,Dierdre,Rosenwald,drosenwald5d@nature.com,11
195,Gerti,Kennedy,gkennedy5e@flavors.me,76
196,Noam,Hadenton,nhadenton5f@businesswire.com,15
197,Ruthi,Bickerstasse,rbickerstasse5g@typepad.com,84
198,Francesco,de Leon,fdeleon5h@facebook.com,32
199,Mallorie,Tittershill,mtittershill5i@netvibes.com,70
200,Malina,Braunter,mbraunter5j@vimeo.com,14
201,Candis,Hethron,chethron5k@wired.com,86
202,Janie,Pittson,jpittson5l@issuu.com,1
203,Alys,Jatczak,ajatczak5m@home.pl,47
204,Corliss,Clawley,cclawley5n@seesaa.net,72
205,Elane,McHenry,emchenry5o@washington.edu,69
206,Kimberli,Housecroft,khousecroft5p@mail.ru,30
207,Kean,Michie,kmichie5q@reference.com,51
208,Murielle,Barnish,mbarnish5r@washington.edu,45
209,Robby,Holbie,rholbie5s@utexas.edu,71
210,Benedick,Benns,bbenns5t@google.com.br,10
211,Cordula,Fraulo,cfraulo5u@i2i.jp,27
212,Aigneis,Allan,aallan5v@home.pl,2
213,Beauregard,Meneghelli,bmeneghelli5w@cpanel.net,32
214,Marget,Fould,mfould5x@ebay.co.uk,41
215,Paulo,Brisco,pbrisco5y@webnode.com,65
216,Hatti,Panks,hpanks5z@cdc.gov,57
217,Roger,Cavie,rcavie60@wikispaces.com,21
218,Nolie,Slott,nslott61@unicef.org,20
219,Henrik,Licciardo,hlicciardo62@usda.gov,18
220,Hunter,Simoes,hsimoes63@reference.com,46
221,Westbrook,Chatan,wchatan64@buzzfeed.com,81
222,Darsie,Ruggieri,druggieri65@tiny.cc,23
223,Wynn,Stalman,wstalman66@printfriendly.com,24
224,Eileen,Robbert,erobbert67@artisteer.com,62
225,Waylin,Lambdean,wlambdean68@google.cn,53
226,Gearard,Godehard.sf,ggodehardsf69@sakura.ne.jp,89
227,Gabby,Gorges,ggorges6a@shutterfly.com,83
228,Allegra,Grimsdith,agrimsdith6b@opensource.org,80
229,Sim,Cleeves,scleeves6c@ucla.edu,73
230,Queenie,Molines,qmolines6d@yahoo.co.jp,12
231,Arnaldo,de Zamora,adezamora6e@acquirethisname.com,98
232,Isador,Fynn,ifynn6f@dot.gov,96
233,Cybil,Marsie,cmarsie6g@wiley.com,37
234,Graeme,Dmiterko,gdmiterko6h@icio.us,13
235,Raviv,McArley,rmcarley6i@elpais.com,25
236,Gianna,Izhak,gizhak6j@twitter.com,17
237,Candie,Durrad,cdurrad6k@csmonitor.com,76
238,Reiko,Drynan,rdrynan6l@deviantart.com,52
239,Charleen,Ormerod,cormerod6m@so-net.ne.jp,39
240,Vincenz,Bletso,vbletso6n@chicagotribune.com,74
241,Berny,McGrane,bmcgrane6o@discovery.com,14
242,Brennan,Cumberpatch,bcumberpatch6p@oakley.com,50
243,Kathryne,Costall,kcostall6q@cam.ac.uk,42
244,Penelopa,Petel,ppetel6r@blogspot.com,9
245,Huberto,Fellows,hfellows6s@lycos.com,90
246,Gussie,Hosburn,ghosburn6t@virginia.edu,77
247,Elane,Negal,enegal6u@icio.us,56
248,Pace,Hagergham,phagergham6v@digg.com,8
249,Mel,Weatherup,mweatherup6w@intel.com,22
250,Mel,Farge,mfarge6x@jigsy.com,82
251,Christie,Sturton,csturton6y@eventbrite.com,100
252,Merle,Dwelley,mdwelley6z@kickstarter.com,35
253,Lira,Heaford,lheaford70@senate.gov,33
254,Brocky,Gallemore,bgallemore71@homestead.com,51
255,Evey,Vyvyan,evyvyan72@paypal.com,22
256,Cris,Smallthwaite,csmallthwaite73@google.nl,1
257,Ronnica,Esgate,resgate74@i2i.jp,34
258,Samuele,Room,sroom75@studiopress.com,81
259,Debra,Romagosa,dromagosa76@printfriendly.com,85
260,Emmie,Klaes,eklaes77@technorati.com,18
261,Shelagh,De Launde,sdelaunde78@cbslocal.com,77
262,Laurena,Thirlwall,lthirlwall79@ehow.com,98
263,Gale,Nicol,gnicol7a@nsw.gov.au,67
264,Kirk,Hadleigh,khadleigh7b@ameblo.jp,24
265,Idell,Margerison,imargerison7c@weebly.com,6
266,Ira,Cosin,icosin7d@toplist.cz,7
267,Winnah,Large,wlarge7e@china.com.cn,56
268,Farah,Pietroni,fpietroni7f@ucoz.com,3
269,Elmer,Clemenzi,eclemenzi7g@webeden.co.uk,8
270,Iona,Proffer,iproffer7h@typepad.com,61
271,Andi,Hardwell,ahardwell7i@cbslocal.com,27
272,Bertha,Samweyes,bsamweyes7j@deliciousdays.com,16
273,Orin,Janjusevic,ojanjusevic7k@ed.gov,73
274,Roderich,Heckney,rheckney7l@g.co,72
275,Shaun,Larner,slarner7m@epa.gov,42
276,Simonette,Scatchar,sscatchar7n@elegantthemes.com,76
277,Brose,Cranston,bcranston7o@arstechnica.com,54
278,Rosabella,Holdworth,rholdworth7p@addtoany.com,64
279,Renaud,Lacasa,rlacasa7q@prnewswire.com,91
280,Amerigo,Dyer,adyer7r@theatlantic.com,57
281,Meade,Pourveer,mpourveer7s@hhs.gov,20
282,Jennie,Glencorse,jglencorse7t@marriott.com,96
283,Judas,McNirlan,jmcnirlan7u@devhub.com,12
284,Bonnee,Pohlak,bpohlak7v@naver.com,50
285,Creight,Lethlay,clethlay7w@multiply.com,13
286,Hillyer,Downham,hdownham7x@blogtalkradio.com,46
287,Brett,Harston,bharston7y@nymag.com,78
288,Fawnia,Lowless,flowless7z@spiegel.de,17
289,Fletch,Dwelling,fdwelling80@comcast.net,74
290,Darleen,Keats,dkeats81@quantcast.com,48
291,Galven,Scrancher,gscrancher82@privacy.gov.au,26
292,Johna,Finnimore,jfinnimore83@parallels.com,47
293,Parnell,Southers,psouthers84@webnode.com,66
294,Ingunna,Bernhard,ibernhard85@rediff.com,83
295,Jock,Dominici,jdominici86@over-blog.com,41
296,Teresina,Rabidge,trabidge87@istockphoto.com,79
297,Stormi,Biaggetti,sbiaggetti88@360.cn,36
298,Caron,Behrend,cbehrend89@indiatimes.com,70
299,Shirline,Goward,sgoward8a@theatlantic.com,59
300,August,Gendricke,agendricke8b@reverbnation.com,95
301,Tamma,Thornally,tthornally8c@merriam-webster.com,45
302,Galen,Vanini,gvanini8d@macromedia.com,95
303,Dehlia,Percy,dpercy8e@multiply.com,58
304,Wash,Heymann,wheymann8f@stumbleupon.com,34
305,Irv,Dobson,idobson8g@elpais.com,78
306,Luella,Seson,lseson8h@simplemachines.org,27
307,Abbi,Cotterel,acotterel8i@naver.com,56
308,Benny,Wase,bwase8j@networkadvertising.org,59
309,Rolfe,Salkeld,rsalkeld8k@goo.gl,100
310,Joella,Jiggle,jjiggle8l@indiegogo.com,96
311,Mirabella,Odhams,modhams8m@cam.ac.uk,82
312,Irwinn,Leythley,ileythley8n@un.org,61
313,Fancy,Gluyas,fgluyas8o@huffingtonpost.com,40
314,Demetra,Saintsbury,dsaintsbury8p@sfgate.com,84
315,Juanita,Messer,jmesser8q@cdc.gov,64
316,Nanon,Eddie,neddie8r@slashdot.org,98
317,Trumann,Chaperling,tchaperling8s@yellowbook.com,28
318,Leon,Danelet,ldanelet8t@posterous.com,22
319,Doti,Leathe,dleathe8u@dailymotion.com,70
320,Antonino,McKirdy,amckirdy8v@imgur.com,60
321,Shel,Tapply,stapply8w@seattletimes.com,6
322,Marianna,Antonazzi,mantonazzi8x@europa.eu,31
323,Meredith,Bradbeer,mbradbeer8y@dedecms.com,75
324,Lauritz,Fuente,lfuente8z@forbes.com,29
325,Marya,Brazenor,mbrazenor90@amazonaws.com,2
326,Michelle,Tallant,mtallant91@linkedin.com,21
327,Dulcinea,Margetson,dmargetson92@dagondesign.com,4
328,Puff,Camili,pcamili93@tumblr.com,8
329,Bobette,Francesconi,bfrancesconi94@pcworld.com,9
330,Blinnie,Heelis,bheelis95@ow.ly,39
331,Stafford,Ackwood,sackwood96@washingtonpost.com,33
332,Cathlene,McDougal,cmcdougal97@chron.com,20
333,Ainsley,Sanja,asanja98@msn.com,81
334,Calhoun,Rivitt,crivitt99@networkadvertising.org,42
335,Hilda,Ruddiforth,hruddiforth9a@wikia.com,10
336,Donia,Kach,dkach9b@issuu.com,74
337,Baxter,Lacelett,blacelett9c@prlog.org,36
338,Roch,Abrahams,rabrahams9d@fastcompany.com,97
339,Laurette,Gooderham,lgooderham9e@state.tx.us,71
340,Mireille,Fouldes,mfouldes9f@archive.org,15
341,Lorens,Myring,lmyring9g@epa.gov,68
342,Angeline,Wadly,awadly9h@oakley.com,89
343,Valaria,Laurent,vlaurent9i@ocn.ne.jp,62
344,Dara,Verlinden,dverlinden9j@arstechnica.com,7
345,Lothario,Hanks,lhanks9k@yelp.com,5
346,Gabriele,Possa,gpossa9l@google.cn,26
347,Shaine,O'Loughane,soloughane9m@comsenz.com,37
348,Dinnie,Duiguid,dduiguid9n@washingtonpost.com,23
349,Grover,Esherwood,gesherwood9o@last.fm,83
350,Jaime,Struther,jstruther9p@delicious.com,52
351,Natalie,Pinckney,npinckney9q@buzzfeed.com,82
352,Trumann,Clifford,tclifford9r@yahoo.co.jp,48
353,Nickolaus,Trunby,ntrunby9s@newyorker.com,34
354,Dolf,Nind,dnind9t@infoseek.co.jp,43
355,Shayne,Giacubo,sgiacubo9u@pbs.org,99
356,Aile,Sewley,asewley9v@issuu.com,93
357,Clyde,Wetherburn,cwetherburn9w@wsj.com,14
358,Kimbra,Riding,kriding9x@google.pl,38
359,Richart,Parris,rparris9y@123-reg.co.uk,11
360,Isadore,Hinstock,ihinstock9z@amazonaws.com,25
361,Creighton,Millhouse,cmillhousea0@amazonaws.com,47
362,Kial,Weller,kwellera1@photobucket.com,76
363,Flin,Westbrook,fwestbrooka2@phoca.cz,94
364,Pen,Gribbins,pgribbinsa3@vistaprint.com,50
365,Harmonia,Escreet,hescreeta4@weebly.com,100
366,Granger,Huggins,ghugginsa5@gravatar.com,62
367,Sven,Lago,slagoa6@github.io,30
368,Aldridge,Slyme,aslymea7@cyberchimps.com,72
369,Julius,Faithfull,jfaithfulla8@1688.com,29
370,De witt,Delia,ddeliaa9@youtu.be,66
371,Elva,Campany,ecampanyaa@cocolog-nifty.com,9
372,Liana,Bockmaster,lbockmasterab@businesswire.com,68
373,Atalanta,Levane,alevaneac@addtoany.com,40
374,Corissa,Fosten,cfostenad@vinaora.com,28
375,Arvy,Rean,areanae@mapquest.com,12
376,Philippine,Matieu,pmatieuaf@freewebs.com,35
377,Meyer,Martinie,mmartinieag@phpbb.com,21
378,Cele,Wyse,cwyseah@tiny.cc,36
379,Ricoriki,Blinman,rblinmanai@canalblog.com,54
380,Sheree,Jovicevic,sjovicevicaj@kickstarter.com,86
381,Seka,Urion,surionak@gizmodo.com,92
382,Lyn,Chable,lchableal@deviantart.com,18
383,Hali,Ronald,hronaldam@spotify.com,5
384,Falkner,Oakton,foaktonan@disqus.com,27
385,Darb,Klug,dklugao@paypal.com,65
386,Ariana,Walsom,awalsomap@ow.ly,45
387,Parnell,Prestie,pprestieaq@cbsnews.com,70
388,Pacorro,Walesby,pwalesbyar@blog.com,79
389,Michel,Stembridge,mstembridgeas@desdev.cn,89
390,Mahalia,Polak,mpolakat@phoca.cz,15
391,Rollin,Eisig,reisigau@t-online.de,73
392,Herman,Pettyfer,hpettyferav@illinois.edu,3
393,Betta,Gallaher,bgallaheraw@whitehouse.gov,7
394,Danyelle,Growcott,dgrowcottax@canalblog.com,24
395,Ward,Beert,wbeertay@adobe.com,95
396,Berenice,Smedmore,bsmedmoreaz@g.co,1
397,Rudiger,Kemwal,rkemwalb0@soup.io,77
398,Murdock,Housam,mhousamb1@weebly.com,69
399,Prent,Twohig,ptwohigb2@simplemachines.org,87
400,Atlanta,Tonkinson,atonkinsonb3@linkedin.com,97
401,Desiri,Maxwaile,dmaxwaileb4@de.vu,60
402,Thorn,Arber,tarberb5@shareasale.com,45
403,Boote,Cardenas,bcardenasb6@spiegel.de,30
404,Scarface,Bentham,sbenthamb7@opensource.org,74
405,Ethyl,Dell,edellb8@newsvine.com,65
406,Bennie,Treadgold,btreadgoldb9@google.pl,5
407,Ewen,McAuslan,emcauslanba@wordpress.org,79
408,Gilligan,Merida,gmeridabb@1und1.de,33
409,Rivy,Abry,rabrybc@state.gov,69
410,Linell,Alvarado,lalvaradobd@bloglines.com,71
411,Dulcinea,Jelliman,djellimanbe@example.com,20
412,Lotte,Woodard,lwoodardbf@addthis.com,2
413,Isidora,Puttnam,iputtnambg@weibo.com,17
414,Cobb,Dalling,cdallingbh@webmd.com,54
415,Ermanno,Sandilands,esandilandsbi@networksolutions.com,78
416,Lanie,Colrein,lcolreinbj@ucoz.com,86
417,Laureen,Jurs,ljursbk@histats.com,94
418,Karyn,Cornwell,kcornwellbl@prweb.com,51
419,Pren,Rikard,prikardbm@ucoz.ru,77
420,Lorne,Arblaster,larblasterbn@fda.gov,84
421,Barbaraanne,Garrity,bgarritybo@purevolume.com,53
422,Sandro,Castellan,scastellanbp@google.ru,73
423,Terrell,Hector,thectorbq@tmall.com,39
424,Teador,Adrianello,tadrianellobr@woothemes.com,70
425,Robbie,Izatson,rizatsonbs@tiny.cc,88
426,Hannah,Ateggart,hateggartbt@princeton.edu,47
427,Nady,Womersley,nwomersleybu@devhub.com,15
428,Delmor,McVanamy,dmcvanamybv@home.pl,7
429,Armin,Laytham,alaythambw@virginia.edu,92
430,Irving,Middler,imiddlerbx@51.la,9
431,Danny,Grave,dgraveby@goo.gl,44
432,Gwenni,O'Teague,goteaguebz@theguardian.com,8
433,Langsdon,Dakin,ldakinc0@angelfire.com,14
434,Lem,Sawford,lsawfordc1@flickr.com,6
435,Gaston,Riddich,griddichc2@prlog.org,66
436,Nadya,Greeno,ngreenoc3@deliciousdays.com,87
437,Michele,Lease,mleasec4@symantec.com,64
438,Lewiss,Williment,lwillimentc5@japanpost.jp,21
439,Cordy,Proger,cprogerc6@bloglines.com,83
440,Jess,Strond,jstrondc7@craigslist.org,67
441,Cornell,Boniface,cbonifacec8@marriott.com,91
442,Quintus,Yann,qyannc9@qq.com,1
443,Chris,Reasun,creasunca@nydailynews.com,57
444,Berna,Cancellario,bcancellariocb@pbs.org,58
445,Bealle,Poulglais,bpoulglaiscc@plala.or.jp,29
446,Frederigo,Caley,fcaleycd@forbes.com,36
447,Randee,Cavnor,rcavnorce@joomla.org,72
448,Lolita,Gasgarth,lgasgarthcf@bloglines.com,80
449,Kele,Loving,klovingcg@timesonline.co.uk,38
450,Corilla,Eyam,ceyamch@csmonitor.com,19
451,Clayborne,Mushart,cmushartci@harvard.edu,96
452,Linnie,Pahlsson,lpahlssoncj@omniture.com,90
453,Aldin,Maggill'Andreis,amaggillandreisck@chronoengine.com,17
454,Kikelia,Dunthorn,kdunthorncl@wikipedia.org,75
455,Emelita,Pretley,epretleycm@mozilla.org,46
456,Andras,Harradine,aharradinecn@php.net,31
457,Issie,Pinsent,ipinsentco@tripod.com,87
458,Arlene,Legan,alegancp@tripod.com,55
459,Wake,Strethill,wstrethillcq@blinklist.com,85
460,Bibbie,Greaterex,bgreaterexcr@i2i.jp,2
461,Jerrie,Dyson,jdysoncs@washington.edu,72
462,Abe,Lisamore,alisamorect@multiply.com,18
463,Vasilis,Tinan,vtinancu@istockphoto.com,86
464,Constantin,Brussels,cbrusselscv@yellowbook.com,98
465,Jaimie,Elcoux,jelcouxcw@jalbum.net,42
466,Paula,Karpeev,pkarpeevcx@miitbeian.gov.cn,22
467,Phyllis,Marton,pmartoncy@independent.co.uk,71
468,Theresita,Gidden,tgiddencz@ow.ly,83
469,Caspar,Kenyam,ckenyamd0@cargocollective.com,14
470,Dillon,Aggus,daggusd1@bravesites.com,41
471,Elna,Brotherhood,ebrotherhoodd2@nytimes.com,47
472,Malorie,Anderbrugge,manderbrugged3@pen.io,79
473,Tammy,Breawood,tbreawoodd4@businessweek.com,52
474,Shaine,Palfrey,spalfreyd5@independent.co.uk,15
475,Car,Henrie,chenried6@soup.io,6
476,Odelia,Duncan,oduncand7@stanford.edu,43
477,Liv,Getley,lgetleyd8@yellowbook.com,97
478,Maryanna,Caskie,mcaskied9@nationalgeographic.com,8
479,Dacey,Shurrocks,dshurrocksda@google.nl,60
480,Elisha,Fleming,eflemingdb@admin.ch,32
481,Dorene,Emlyn,demlyndc@amazon.co.jp,38
482,Clint,Brickstock,cbrickstockdd@blog.com,29
483,Prissie,Freschi,pfreschide@bigcartel.com,54
484,Hilarius,Grist,hgristdf@istockphoto.com,10
485,Jorry,Seden,jsedendg@qq.com,62
486,Rossy,Phear,rpheardh@cnn.com,4
487,Davida,Titcombe,dtitcombedi@msu.edu,45
488,Galina,Kiddey,gkiddeydj@163.com,19
489,Darci,Wondraschek,dwondraschekdk@nyu.edu,84
490,Rurik,Canet,rcanetdl@goo.ne.jp,25
491,Stace,Deval,sdevaldm@google.pl,68
492,Brand,Verring,bverringdn@cisco.com,27
493,Brodie,Redfern,bredferndo@ihg.com,53
494,Yuma,Goathrop,ygoathropdp@fema.gov,91
495,Zebedee,MacClure,zmaccluredq@engadget.com,89
496,Bobbye,Hulland,bhullanddr@yellowpages.com,66
497,Zared,Quadri,zquadrids@va.gov,94
498,Stevana,Iacomettii,siacomettiidt@go.com,36
499,Carce,Scarrisbrick,cscarrisbrickdu@mozilla.com,88
500,Matthieu,Huison,mhuisondv@jalbum.net,23
501,Stephen,O'Moylane,somoylanedw@freewebs.com,48
502,Giff,Stalf,gstalfdx@lulu.com,87
503,Steffie,Cerith,scerithdy@facebook.com,51
504,Huntley,Booy,hbooydz@baidu.com,36
505,Maddi,Oene,moenee0@squidoo.com,6
506,Dawn,Charrett,dcharrette1@ihg.com,88
507,Corey,Mulqueeny,cmulqueenye2@ovh.net,12
508,Edgardo,Alliot,ealliote3@msu.edu,45
509,Cull,Alexandersson,calexanderssone4@hostgator.com,60
510,Riordan,Mayhew,rmayhewe5@zimbio.com,52
511,Austen,Molloy,amolloye6@liveinternet.ru,5
512,Frederigo,Tyrone,ftyronee7@usgs.gov,34
513,Ulick,Bree,ubreee8@acquirethisname.com,62
514,Randall,Elgood,relgoode9@nydailynews.com,57
515,Kalindi,Bristowe,kbristoweea@dion.ne.jp,41
516,Jinny,Staton,jstatoneb@oaic.gov.au,14
517,Rachelle,Andreev,randreevec@geocities.jp,32
518,Corey,Lightwing,clightwinged@shutterfly.com,11
519,Kittie,Mackett,kmackettee@yolasite.com,53
520,Fanni,Conlaund,fconlaundef@slideshare.net,16
521,Casandra,d' Eye,cdeyeeg@vimeo.com,3
522,Aloisia,Altofts,aaltoftseh@yahoo.com,95
523,Murdoch,Boseley,mboseleyei@digg.com,46
524,Andrei,Thredder,athredderej@examiner.com,100
525,Bradly,Llywarch,bllywarchek@instagram.com,29
526,Nixie,Harmant,nharmantel@nytimes.com,27
527,Morrie,Wood,mwoodem@nasa.gov,39
528,Susi,Scarlin,sscarlinen@tmall.com,56
529,Georg,Greet,ggreeteo@vkontakte.ru,55
530,Valentine,Serfati,vserfatiep@bbb.org,19
531,Wiley,Jeyness,wjeynesseq@prweb.com,28
532,Fidel,Moss,fmosser@mtv.com,89
533,Kit,Keates,kkeateses@twitter.com,24
534,Jodi,Station,jstationet@kickstarter.com,4
535,Carita,Ridder,criddereu@answers.com,82
536,Bendicty,Khomishin,bkhomishinev@tinyurl.com,93
537,Towny,Putterill,tputterillew@examiner.com,76
538,Humfrey,Stanlike,hstanlikeex@shop-pro.jp,40
539,Amie,Bullus,abullusey@yellowbook.com,83
540,Lowell,Ritchings,lritchingsez@goo.gl,81
541,Eachelle,Woolward,ewoolwardf0@sogou.com,59
542,Jessee,Reardon,jreardonf1@webmd.com,73
543,Belle,Drable,bdrablef2@pinterest.com,35
544,Wendeline,Abernethy,wabernethyf3@imdb.com,58
545,Teresita,Springthorpe,tspringthorpef4@odnoklassniki.ru,61
546,Millie,Mocher,mmocherf5@cdc.gov,42
547,Gawen,Mangam,gmangamf6@ucoz.ru,67
548,Denice,Rue,druef7@wordpress.org,15
549,Goldi,Gyngyll,ggyngyllf8@archive.org,79
550,Karim,Duckit,kduckitf9@google.ca,69
551,Quinn,Becke,qbeckefa@nasa.gov,89
552,Tailor,Pietsma,tpietsmafb@rambler.ru,9
553,Ealasaid,Buckleigh,ebuckleighfc@behance.net,90
554,Petr,Godley,pgodleyfd@bluehost.com,88
555,Tab,Pickthorne,tpickthornefe@scribd.com,14
556,Cooper,Beecheno,cbeechenoff@mysql.com,86
557,Ranna,Antrum,rantrumfg@addthis.com,13
558,Chelsey,Hegg,cheggfh@issuu.com,85
559,Kellie,Burrett,kburrettfi@exblog.jp,4
560,Delainey,Hadenton,dhadentonfj@lycos.com,70
561,Dennie,Raisbeck,draisbeckfk@xing.com,18
562,Selma,Eivers,seiversfl@prlog.org,12
563,Keslie,Coldridge,kcoldridgefm@mashable.com,78
564,Corella,Kimbrough,ckimbroughfn@mit.edu,33
565,Coletta,Linsley,clinsleyfo@gmpg.org,72
566,Hally,Mottini,hmottinifp@issuu.com,20
567,Simone,Lorincz,slorinczfq@home.pl,45
568,Lissy,Rumin,lruminfr@hubpages.com,58
569,Alfie,Sharpley,asharpleyfs@google.co.uk,7
570,Kent,Vayne,kvayneft@hibu.com,19
571,Aubine,Sidwick,asidwickfu@google.com.au,56
572,Sherry,Marcos,smarcosfv@ameblo.jp,51
573,Corly,Sowrah,csowrahfw@ucla.edu,54
574,Jeremiah,Rothery,jrotheryfx@free.fr,11
575,Cyndie,Hurll,churllfy@oaic.gov.au,31
576,Hamel,Hachette,hhachettefz@creativecommons.org,40
577,Maura,Kirman,mkirmang0@example.com,48
578,Bren,Link,blinkg1@wordpress.com,59
579,Andonis,Breming,abremingg2@hhs.gov,5
580,Tybi,Tame,ttameg3@senate.gov,15
581,Ileane,Kobierzycki,ikobierzyckig4@pagesperso-orange.fr,57
582,Joey,Seemmonds,jseemmondsg5@yellowbook.com,76
583,Matthus,Bury,mburyg6@discovery.com,46
584,Bridget,Clamp,bclampg7@noaa.gov,92
585,Derril,Le Sieur,dlesieurg8@squidoo.com,94
586,Nerte,Macartney,nmacartneyg9@princeton.edu,28
587,Reinwald,Edge,redgega@vinaora.com,27
588,Sheena,Poppy,spoppygb@posterous.com,91
589,Filide,FitzGibbon,ffitzgibbongc@exblog.jp,77
590,Lonnard,Stonestreet,lstonestreetgd@php.net,87
591,Joelle,Perico,jpericoge@cyberchimps.com,43
592,Ertha,Dwelley,edwelleygf@buzzfeed.com,75
593,Adda,Bambra,abambragg@homestead.com,82
594,Roselle,Swadlin,rswadlingh@addtoany.com,83
595,Bernardina,Gaines,bgainesgi@technorati.com,67
596,Andonis,Pindred,apindredgj@example.com,3
597,Armstrong,McAnalley,amcanalleygk@cnet.com,38
598,Daven,Pirdue,dpirduegl@dot.gov,35
599,Claudell,Vasiljevic,cvasiljevicgm@prweb.com,23
600,Haleigh,Westpfel,hwestpfelgn@utexas.edu,32
601,Dermot,Girth,dgirthgo@nymag.com,35
602,Nance,Snap,nsnapgp@va.gov,51
603,Ali,Mathieson,amathiesongq@latimes.com,94
604,Ricky,Iacopini,riacopinigr@census.gov,85
605,Dacy,Bamlet,dbamletgs@mapquest.com,67
606,Luise,Kynder,lkyndergt@ifeng.com,7
607,Cally,Abyss,cabyssgu@biblegateway.com,65
608,Elayne,Mixon,emixongv@github.com,74
609,Bab,Gawkes,bgawkesgw@technorati.com,73
610,Estevan,McNeilly,emcneillygx@oracle.com,44
611,Shela,Wiltsher,swiltshergy@unc.edu,84
612,Hashim,Moughtin,hmoughtingz@baidu.com,72
613,Chariot,Dyball,cdyballh0@japanpost.jp,45
614,Berton,Blacktin,bblacktinh1@pen.io,56
615,Fay,Fulun,ffulunh2@fastcompany.com,63
616,Genni,Lidell,glidellh3@nydailynews.com,20
617,Ben,Frayne,bfrayneh4@adobe.com,80
618,Rubia,Tweddell,rtweddellh5@usgs.gov,61
619,Ninetta,Coatsworth,ncoatsworthh6@pen.io,95
620,Bartholemy,Liffey,bliffeyh7@blogger.com,43
621,Kissie,Jedrzejewsky,kjedrzejewskyh8@homestead.com,17
622,Megen,Davydzenko,mdavydzenkoh9@microsoft.com,15
623,Anatol,Haffner,ahaffnerha@netvibes.com,14
624,Emlen,Llewelyn,ellewelynhb@123-reg.co.uk,39
625,Joshia,Rubroe,jrubroehc@google.com.br,46
626,Den,Reihill,dreihillhd@google.fr,1
627,Bailie,Skechley,bskechleyhe@wix.com,97
628,Sebastiano,Langdridge,slangdridgehf@devhub.com,8
629,Fran,Milnes,fmilneshg@narod.ru,10
630,Egor,Moukes,emoukeshh@reuters.com,87
631,Steward,Slight,sslighthi@yale.edu,5
632,Rosina,Le Floch,rleflochhj@mac.com,25
633,Aguistin,Chesser,achesserhk@deliciousdays.com,32
634,Issi,Culver,iculverhl@macromedia.com,48
635,Tabatha,Ortler,tortlerhm@ocn.ne.jp,64
636,Waverley,Dran,wdranhn@yahoo.co.jp,2
637,Mauricio,Walworche,mwalworcheho@hexun.com,47
638,Sonya,Done,sdonehp@yolasite.com,24
639,Nestor,Rothman,nrothmanhq@unblog.fr,96
640,Andrei,Garcia,agarciahr@studiopress.com,27
641,Joane,Sancto,jsanctohs@thetimes.co.uk,53
642,Ros,Rogister,rrogisterht@nationalgeographic.com,77
643,Fleur,Pember,fpemberhu@mtv.com,29
644,Cosetta,Sydall,csydallhv@boston.com,99
645,Bridgette,Iacovini,biacovinihw@kickstarter.com,66
646,Leena,Arnout,larnouthx@mashable.com,30
647,Yul,Perkin,yperkinhy@va.gov,70
648,Anya,Shuttell,ashuttellhz@mtv.com,57
649,Melesa,Steade,msteadei0@hp.com,6
650,Calli,Chatband,cchatbandi1@google.ca,9
651,Marietta,Wernham,mwernhami2@goodreads.com,26
652,Lisbeth,Maevela,lmaevelai3@diigo.com,36
653,Ermengarde,Villar,evillari4@apple.com,27
654,Julius,Verdun,jverduni5@princeton.edu,78
655,Celesta,Hillett,chilletti6@flavors.me,21
656,Judith,Felgat,jfelgati7@baidu.com,64
657,Fabio,Thurman,fthurmani8@printfriendly.com,42
658,Ollie,Malsher,omalsheri9@answers.com,3
659,Tory,O'Neill,toneillia@t-online.de,98
660,Tamar,Plunket,tplunketib@theatlantic.com,72
661,Osborn,Oakeshott,ooakeshottic@netvibes.com,52
662,Perl,Duncklee,pdunckleeid@imgur.com,48
663,Farris,Hobell,fhobellie@hibu.com,8
664,Dwayne,Chilcotte,dchilcotteif@dell.com,11
665,Anica,Jacobsohn,ajacobsohnig@miibeian.gov.cn,49
666,Kerstin,Jesper,kjesperih@hud.gov,62
667,Mickey,Deguara,mdeguaraii@disqus.com,17
668,Marlyn,Condy,mcondyij@example.com,40
669,Dulcia,Haistwell,dhaistwellik@un.org,13
670,Marne,Yegorov,myegorovil@unesco.org,59
671,Baird,Meadows,bmeadowsim@washingtonpost.com,70
672,Cher,Dealey,cdealeyin@drupal.org,41
673,Sonya,Ashdown,sashdownio@fda.gov,9
674,Erv,Applegarth,eapplegarthip@yandex.ru,43
675,Anallese,Angeau,aangeauiq@vkontakte.ru,20
676,Hebert,St Leger,hstlegerir@reuters.com,14
677,Chrisy,Dollard,cdollardis@i2i.jp,89
678,Selinda,Larive,slariveit@mediafire.com,6
679,Tabina,Senner,tsenneriu@hatena.ne.jp,69
680,Sacha,Di Antonio,sdiantonioiv@unblog.fr,38
681,Mikkel,Mallebone,mmalleboneiw@mtv.com,83
682,Marthena,Fidgett,mfidgettix@cloudflare.com,28
683,Wendall,Abell,wabelliy@va.gov,10
684,Stace,Sowten,ssowteniz@qq.com,2
685,Etti,Jandac,ejandacj0@photobucket.com,75
686,Nike,Downgate,ndowngatej1@utexas.edu,88
687,Dara,Veneur,dveneurj2@abc.net.au,84
688,Beck,Caneo,bcaneoj3@ifeng.com,81
689,Dag,Lambal,dlambalj4@sbwire.com,100
690,Valli,Matthis,vmatthisj5@berkeley.edu,85
691,Casar,Ephgrave,cephgravej6@edublogs.org,74
692,Charin,Straneo,cstraneoj7@guardian.co.uk,67
693,Blake,McLuckie,bmcluckiej8@nsw.gov.au,50
694,Ailina,Elmore,aelmorej9@craigslist.org,7
695,Adoree,Aris,aarisja@bloomberg.com,79
696,Corny,Ryrie,cryriejb@cmu.edu,68
697,Hynda,Iannuzzelli,hiannuzzellijc@imageshack.us,25
698,Florencia,Teesdale,fteesdalejd@xrea.com,99
699,Janis,Dosedale,jdosedaleje@ebay.co.uk,51
700,Artur,Passingham,apassinghamjf@ihg.com,90
701,Lolly,Hayhoe,lhayhoejg@nsw.gov.au,9
702,Wayland,Mabee,wmabeejh@ask.com,26
703,Inglis,Van,ivanji@sbwire.com,6
704,Somerset,Spottiswood,sspottiswoodjj@va.gov,97
705,Asher,Bassam,abassamjk@plala.or.jp,85
706,Sophi,Fransson,sfranssonjl@reference.com,54
707,Findlay,Terrans,fterransjm@ask.com,63
708,Land,O'Lagene,lolagenejn@businessinsider.com,29
709,Bamby,Constable,bconstablejo@ehow.com,31
710,Denny,Benedit,dbeneditjp@nature.com,55
711,Stanislaw,Poundesford,spoundesfordjq@cnbc.com,41
712,Annis,Tilbrook,atilbrookjr@washingtonpost.com,95
713,Devi,Gierok,dgierokjs@nbcnews.com,4
714,Mavis,Spinnace,mspinnacejt@amazon.co.uk,28
715,Dulcie,Stanistrete,dstanistreteju@yahoo.co.jp,93
716,Sherwynd,McGraw,smcgrawjv@bbb.org,37
717,Karyn,Sukbhans,ksukbhansjw@discuz.net,43
718,Dolley,Lynd,dlyndjx@github.com,69
719,Clemente,Helgass,chelgassjy@a8.net,12
720,Sidonia,Lathan,slathanjz@scientificamerican.com,52
721,Kakalina,Delyth,kdelythk0@com.com,76
722,Ursula,Meagher,umeagherk1@toplist.cz,82
723,Romy,Devenport,rdevenportk2@digg.com,58
724,Neala,Nurden,nnurdenk3@topsy.com,36
725,Bellanca,Mills,bmillsk4@miibeian.gov.cn,61
726,Ber,Schimaschke,bschimaschkek5@soundcloud.com,75
727,Quintilla,Udy,qudyk6@oaic.gov.au,80
728,Tildie,Bosomworth,tbosomworthk7@squidoo.com,45
729,Towney,Tibbetts,ttibbettsk8@amazon.com,2
730,Leoine,Riccardini,lriccardinik9@hhs.gov,25
731,Bobbie,Mc Mechan,bmcmechanka@vistaprint.com,62
732,Concettina,Frazier,cfrazierkb@examiner.com,18
733,Joye,Kevlin,jkevlinkc@wikimedia.org,59
734,Lay,Gyrgorcewicx,lgyrgorcewicxkd@51.la,66
735,Regina,Hathorn,rhathornke@barnesandnoble.com,84
736,Bobby,Dundendale,bdundendalekf@fc2.com,53
737,Cristabel,Ferrea,cferreakg@yahoo.co.jp,81
738,Ardisj,Farloe,afarloekh@youtu.be,10
739,Keriann,Strathearn,kstrathearnki@friendfeed.com,99
740,Farrand,Revie,freviekj@mozilla.org,8
741,Adaline,Hartill,ahartillkk@rambler.ru,90
742,Kelli,McGarva,kmcgarvakl@plala.or.jp,77
743,Shirline,Grinham,sgrinhamkm@flavors.me,44
744,Ethyl,Terzza,eterzzakn@guardian.co.uk,35
745,Nannie,Dudek,ndudekko@indiatimes.com,96
746,Prentiss,Haughton,phaughtonkp@wired.com,50
747,Gert,Whyatt,gwhyattkq@sciencedirect.com,3
748,Zahara,Jirick,zjirickkr@sciencedaily.com,23
749,Kathleen,Chown,kchownks@squidoo.com,5
750,Carmela,Axford,caxfordkt@house.gov,38
751,Terri-jo,Antognozzii,tantognozziiku@360.cn,19
752,Lani,Hertwell,lhertwellkv@hostgator.com,75
753,Dalis,Dowty,ddowtykw@nationalgeographic.com,37
754,Joya,Pepye,jpepyekx@meetup.com,78
755,Josselyn,McGahey,jmcgaheyky@dropbox.com,91
756,Tadeo,Daniely,tdanielykz@loc.gov,49
757,Noni,Ellissen,nellissenl0@marketwatch.com,61
758,Kathie,Medland,kmedlandl1@behance.net,35
759,Jessika,Schwandermann,jschwandermannl2@ed.gov,3
760,Sherlock,True,struel3@hexun.com,81
761,Rafa,Durand,rdurandl4@netlog.com,31
762,Heindrick,Greenin,hgreeninl5@joomla.org,89
763,Erin,Handrek,ehandrekl6@cmu.edu,26
764,Madelin,Ryam,mryaml7@sciencedirect.com,46
765,Antons,Cull,aculll8@whitehouse.gov,17
766,Emera,Lowseley,elowseleyl9@indiegogo.com,73
767,Keen,Abrahamovitz,kabrahamovitzla@indiatimes.com,64
768,Dionisio,Aubrey,daubreylb@lulu.com,57
769,Siegfried,Simionescu,ssimionesculc@clickbank.net,97
770,Penny,Bruneton,pbrunetonld@mediafire.com,50
771,Olimpia,Woodroff,owoodroffle@cocolog-nifty.com,23
772,Lanita,Loraine,llorainelf@ifeng.com,80
773,Hilliary,Goulden,hgouldenlg@ucsd.edu,94
774,Abelard,Tessier,atessierlh@pinterest.com,13
775,Kendrick,de Guise,kdeguiseli@va.gov,33
776,Helge,Bolle,hbollelj@dailymail.co.uk,27
777,Rita,Leak,rleaklk@e-recht24.de,36
778,Muire,Fairfull,mfairfullll@sun.com,43
779,Lyon,Rawnsley,lrawnsleylm@pagesperso-orange.fr,63
780,Neala,Smiz,nsmizln@hostgator.com,99
781,Hasty,Ivannikov,hivannikovlo@opensource.org,58
782,Lyn,Bredee,lbredeelp@prnewswire.com,77
783,Cord,Vincent,cvincentlq@theglobeandmail.com,71
784,Adan,Jerrard,ajerrardlr@businesswire.com,15
785,Dallon,Sketh,dskethls@domainmarket.com,40
786,Brittany,Davenall,bdavenalllt@usda.gov,76
787,Elton,Staves,estaveslu@diigo.com,69
788,Kipper,Hovey,khoveylv@statcounter.com,12
789,Balduin,Brodway,bbrodwaylw@netlog.com,34
790,Seline,Kohnert,skohnertlx@cafepress.com,42
791,Genvieve,Demead,gdemeadly@themeforest.net,21
792,Tricia,Reckless,trecklesslz@comsenz.com,11
793,Chery,Feare,cfearem0@indiatimes.com,95
794,Tatiania,Janous,tjanousm1@cam.ac.uk,98
795,Ali,MacCurlye,amaccurlyem2@japanpost.jp,22
796,Marguerite,Bascomb,mbascombm3@newsvine.com,20
797,Drake,Goodinge,dgoodingem4@eventbrite.com,6
798,Lilias,Colthard,lcolthardm5@wikimedia.org,100
799,Gunilla,Thrasher,gthrasherm6@cornell.edu,48
800,Sibby,Dabel,sdabelm7@mediafire.com,2
801,Florrie,Tremellan,ftremellanm8@arizona.edu,97
802,Latrena,Patridge,lpatridgem9@redcross.org,68
803,Bard,Varty,bvartyma@ca.gov,49
804,Hortense,Grishunin,hgrishuninmb@bbb.org,78
805,Roddy,Ripper,rrippermc@a8.net,48
806,Nikita,Lummis,nlummismd@zimbio.com,69
807,Karlene,Malin,kmalinme@moonfruit.com,15
808,Adriana,Ruecastle,aruecastlemf@free.fr,3
809,Terry,Sprasen,tsprasenmg@google.ru,40
810,Halli,Paradyce,hparadycemh@1688.com,55
811,Angele,Isakovic,aisakovicmi@dropbox.com,96
812,Chadd,Yanukhin,cyanukhinmj@facebook.com,61
813,Barr,Mattusov,bmattusovmk@baidu.com,84
814,Gracie,Nye,gnyeml@github.com,37
815,Kalinda,Burbidge,kburbidgemm@drupal.org,81
816,Reagan,Bramhill,rbramhillmn@loc.gov,46
817,Hilly,Penrice,hpenricemo@flickr.com,80
818,Garwood,Moiser,gmoisermp@shutterfly.com,88
819,Orlando,Yearsley,oyearsleymq@mysql.com,33
820,Hallsy,Alyonov,halyonovmr@flickr.com,74
821,Gisella,Incogna,gincognams@berkeley.edu,72
822,Jorge,Ickovic,jickovicmt@tmall.com,25
823,Jeremie,Lantuffe,jlantuffemu@amazon.co.jp,22
824,Erhart,Towns,etownsmv@ibm.com,19
825,Meryl,Henken,mhenkenmw@symantec.com,95
826,Halley,Gounot,hgounotmx@sitemeter.com,63
827,Matthias,Jerzyk,mjerzykmy@dell.com,13
828,Pasquale,Dillimore,pdillimoremz@abc.net.au,41
829,Ashlan,Rulton,arultonn0@cloudflare.com,99
830,Darci,Cud,dcudn1@kickstarter.com,71
831,Filberto,Kennaird,fkennairdn2@home.pl,53
832,Toddy,Amoore,tamooren3@shareasale.com,4
833,Dorine,Coram,dcoramn4@cornell.edu,60
834,Valida,Demougeot,vdemougeotn5@addthis.com,92
835,Lind,Deppe,ldeppen6@house.gov,98
836,Melisse,Bunhill,mbunhilln7@hud.gov,21
837,Lincoln,Paschek,lpaschekn8@mapy.cz,20
838,Keelia,Sutherden,ksutherdenn9@jiathis.com,44
839,Amby,Barnet,abarnetna@smh.com.au,35
840,Monah,Cullinan,mcullinannb@virginia.edu,45
841,Chlo,Campos,ccamposnc@ask.com,100
842,Bonnibelle,Methringham,bmethringhamnd@odnoklassniki.ru,31
843,Caren,Donett,cdonettne@list-manage.com,17
844,Dan,Desantis,ddesantisnf@fc2.com,29
845,Niles,Rittmeyer,nrittmeyerng@guardian.co.uk,90
846,Reeta,Hammelberg,rhammelbergnh@de.vu,57
847,Matt,Nance,mnanceni@amazon.com,59
848,Agnola,Theuff,atheuffnj@usa.gov,62
849,Jillene,Tring,jtringnk@de.vu,87
850,Arleta,Norcross,anorcrossnl@clickbank.net,28
851,Sileas,MacGilpatrick,smacgilpatricknm@joomla.org,7
852,Hattie,Dixson,hdixsonnn@123-reg.co.uk,33
853,Willamina,Colecrough,wcolecroughno@ed.gov,80
854,Court,Bigrigg,cbigriggnp@fc2.com,25
855,Renado,Gullyes,rgullyesnq@qq.com,49
856,Lon,Gemeau,lgemeaunr@miitbeian.gov.cn,21
857,Jody,Thain,jthainns@gnu.org,15
858,Raquel,Jordi,rjordint@live.com,93
859,Eustacia,Feldmesser,efeldmessernu@amazon.co.uk,84
860,Mickie,Salisbury,msalisburynv@jiathis.com,26
861,Leona,Matonin,lmatoninnw@xinhuanet.com,85
862,Althea,Slewcock,aslewcocknx@elpais.com,20
863,Elicia,Cattini,ecattininy@admin.ch,70
864,Darb,Pitt,dpittnz@ox.ac.uk,2
865,Hendrika,Philott,hphilotto0@geocities.com,24
866,Dennie,Gonnelly,dgonnellyo1@blog.com,44
867,Dale,Stegers,dstegerso2@slate.com,16
868,Francyne,Furness,ffurnesso3@hibu.com,53
869,Frederique,Merricks,fmerrickso4@fema.gov,1
870,Rakel,Camber,rcambero5@zimbio.com,19
871,Annamaria,Noli,anolio6@amazon.co.uk,83
872,Eduino,Strick,estricko7@jigsy.com,75
873,Alex,Newing,anewingo8@businessinsider.com,13
874,Devlin,McGlaughn,dmcglaughno9@netlog.com,10
875,Saleem,Chadbourn,schadbournoa@privacy.gov.au,35
876,Leia,Hulcoop,lhulcoopob@reddit.com,41
877,Aurelea,Aiskovitch,aaiskovitchoc@gizmodo.com,92
878,Ruddie,Veryan,rveryanod@elpais.com,32
879,Carolyn,Fripps,cfrippsoe@youtube.com,5
880,Derwin,McGeoch,dmcgeochof@imgur.com,90
881,Lambert,Cutbush,lcutbushog@google.com.hk,22
882,Remus,Mattussevich,rmattussevichoh@imgur.com,58
883,Harri,Gorgler,hgorgleroi@accuweather.com,42
884,Rochette,Etherson,rethersonoj@friendfeed.com,3
885,Carlye,Riep,criepok@google.es,87
886,Roderich,Cours,rcoursol@columbia.edu,96
887,Huberto,Cornils,hcornilsom@livejournal.com,65
888,Tam,Joney,tjoneyon@pagesperso-orange.fr,72
889,Trude,Raiston,traistonoo@sina.com.cn,89
890,Sybil,Tumility,stumilityop@cbsnews.com,29
891,Josepha,Troup,jtroupoq@wunderground.com,68
892,Asher,Matuskiewicz,amatuskiewiczor@forbes.com,28
893,Jessica,Kelle,jkelleos@parallels.com,46
894,Silvano,Gillitt,sgillittot@mlb.com,54
895,Bronny,Frood,bfroodou@cloudflare.com,98
896,Maggie,Burk,mburkov@webs.com,100
897,Randall,Escritt,rescrittow@dmoz.org,73
898,Bogey,Lucian,blucianox@webeden.co.uk,9
899,Henrie,Glavias,hglaviasoy@yolasite.com,61
900,Margaretha,Bower,mboweroz@twitter.com,59
901,Merl,Pratt,mprattp0@cnn.com,88
902,Lisabeth,Olechnowicz,lolechnowiczp1@edublogs.org,20
903,Delmar,Hazart,dhazartp2@bandcamp.com,97
904,Nap,Wigan,nwiganp3@sitemeter.com,94
905,Jamal,Dressel,jdresselp4@weibo.com,76
906,Cash,Lackner,clacknerp5@cnn.com,66
907,Pavlov,Furlonge,pfurlongep6@tmall.com,51
908,Kimmie,MacCome,kmaccomep7@multiply.com,64
909,Freida,Shirtliff,fshirtliffp8@taobao.com,8
910,Kanya,Oakly,koaklyp9@cloudflare.com,45
911,Jonathan,Reuther,jreutherpa@hatena.ne.jp,53
912,Dolph,Colson,dcolsonpb@cloudflare.com,99
913,Pearce,Iannazzi,piannazzipc@360.cn,89
914,Charil,Gillingwater,cgillingwaterpd@bbb.org,71
915,Johnath,Gouny,jgounype@parallels.com,1
916,Salli,Knolles-Green,sknollesgreenpf@yandex.ru,32
917,Gawen,Steely,gsteelypg@canalblog.com,6
918,Nikaniki,Soggee,nsoggeeph@cbsnews.com,24
919,Jenni,Todd,jtoddpi@diigo.com,84
920,Lotta,Cavie,lcaviepj@fda.gov,9
921,Gui,Bibbie,gbibbiepk@g.co,19
922,Fulvia,Allum,fallumpl@unblog.fr,18
923,Mair,Pottes,mpottespm@wikimedia.org,83
924,Phineas,Archbutt,parchbuttpn@meetup.com,57
925,Corny,Gladtbach,cgladtbachpo@nature.com,55
926,Mei,Mees,mmeespp@mediafire.com,65
927,Murdock,Cleevely,mcleevelypq@slideshare.net,79
928,Christoph,Prettejohns,cprettejohnspr@creativecommons.org,39
929,Nickolaus,Winchester,nwinchesterps@photobucket.com,75
930,Melitta,Beecraft,mbeecraftpt@altervista.org,63
931,Frankie,Bramstom,fbramstompu@cyberchimps.com,73
932,Korrie,Donnel,kdonnelpv@opensource.org,100
933,Angele,Schutze,aschutzepw@jigsy.com,26
934,Cameron,Holywell,cholywellpx@irs.gov,38
935,Lilian,Drejer,ldrejerpy@digg.com,69
936,Mart,Sawtell,msawtellpz@dedecms.com,52
937,Goldina,Heaffey,gheaffeyq0@homestead.com,2
938,Maxy,Blampey,mblampeyq1@woothemes.com,60
939,Star,Leyninye,sleyninyeq2@multiply.com,35
940,Maighdiln,Laing,mlaingq3@buzzfeed.com,72
941,Gwenni,Risbridger,grisbridgerq4@flickr.com,87
942,Verene,Bliben,vblibenq5@redcross.org,15
943,Fanya,Bassham,fbasshamq6@unblog.fr,74
944,Datha,Bozier,dbozierq7@spiegel.de,21
945,Melisenda,Stainsby,mstainsbyq8@howstuffworks.com,81
946,Vickie,Espinal,vespinalq9@ifeng.com,3
947,Rudie,Vonderdell,rvonderdellqa@marketwatch.com,95
948,Amber,Shirland,ashirlandqb@wikimedia.org,48
949,Berkly,Finlason,bfinlasonqc@squarespace.com,37
950,Vaughan,Spenclay,vspenclayqd@hao123.com,25
951,Holmes,Pitone,hpitoneqe@ebay.co.uk,38
952,Bert,Figin,bfiginqf@ca.gov,54
953,Dot,Weetch,dweetchqg@vkontakte.ru,11
954,York,Ducarel,yducarelqh@bluehost.com,63
955,Jasper,Johann,jjohannqi@blogspot.com,27
956,Chris,Oaks,coaksqj@vinaora.com,7
957,Barnard,Last,blastqk@etsy.com,46
958,Arney,Batalini,abataliniql@xinhuanet.com,91
959,Stesha,Blenkinship,sblenkinshipqm@marketwatch.com,81
960,Estevan,Rotlauf,erotlaufqn@twitpic.com,41
961,Ralina,Paddock,rpaddockqo@addthis.com,45
962,Mercedes,Parlor,mparlorqp@hhs.gov,39
963,Edna,Nelthrop,enelthropqq@themeforest.net,68
964,Nita,Burnyate,nburnyateqr@cnet.com,42
965,Chane,Nasey,cnaseyqs@google.cn,76
966,Inge,Heugle,iheugleqt@cyberchimps.com,77
967,Sherrie,Pischof,spischofqu@xrea.com,25
968,Gunner,Le Pine,glepineqv@disqus.com,93
969,Sherrie,Piscot,spiscotqw@ustream.tv,99
970,Andria,Widdop,awiddopqx@scientificamerican.com,23
971,Benji,Hedworth,bhedworthqy@statcounter.com,37
972,Mala,Salomon,msalomonqz@1und1.de,12
973,Wallace,Anten,wantenr0@multiply.com,67
974,Cecilla,Kille,ckiller1@zdnet.com,50
975,Maribelle,Olekhov,molekhovr2@ow.ly,87
976,Katleen,Smallpiece,ksmallpiecer3@walmart.com,60
977,Prissie,Comfort,pcomfortr4@cnbc.com,35
978,Gilburt,Jojic,gjojicr5@mapy.cz,44
979,Siobhan,Warn,swarnr6@soup.io,10
980,Gay,Bernardeschi,gbernardeschir7@dailymotion.com,3
981,Wiley,Colquite,wcolquiter8@army.mil,36
982,Mae,Ellsom,mellsomr9@dell.com,70
983,Domenico,Pestor,dpestorra@hexun.com,9
984,Anne,Gorriessen,agorriessenrb@cmu.edu,4
985,Brunhilda,Ainscough,bainscoughrc@accuweather.com,98
986,Nina,Shoulders,nshouldersrd@bbb.org,66
987,Emmott,Charte,echartere@webs.com,79
988,Silvana,Gillard,sgillardrf@constantcontact.com,34
989,Tilda,Beagles,tbeaglesrg@irs.gov,5
990,Carma,Speed,cspeedrh@google.cn,6
991,Andeee,Baudoux,abaudouxri@skype.com,56
992,Marylynne,Toma,mtomarj@ft.com,2
993,Dulciana,Koche,dkocherk@cloudflare.com,8
994,Andy,Troker,atrokerrl@scribd.com,59
995,Christal,Fairfull,cfairfullrm@g.co,14
996,Barri,Avrahamof,bavrahamofrn@odnoklassniki.ru,28
997,Aldous,Rama,aramaro@networkadvertising.org,80
998,Emile,Mallam,emallamrp@umn.edu,86
999,Munmro,Ollenbuttel,mollenbuttelrq@so-net.ne.jp,47
1000,Penrod,Simonel,psimonelrr@desdev.cn,78